Idea,Description
To-Do List App,"A simple app to manage daily tasks with options to add, edit, and delete tasks."
Pomodoro Timer,"A timer app to help users manage work sessions using the Pomodoro technique."
Unit Converter,"A tool to convert units like length, weight, temperature, and currency easily."
Habit Tracker,"An app that allows users to set and track daily habits for self-improvement."
Tip Calculator,"A calculator that helps users split bills and calculate tips based on total cost and number of people."
Random Quote Generator,"An app that generates random inspirational quotes using an API or a static list."
Simple Calculator,"A basic calculator with functionality for addition, subtraction, multiplication, and division."
Expense Tracker,"An app to track daily expenses and categorize them to monitor spending habits."
Flashcard App,"A study tool where users can create, edit, and review flashcards for learning new topics."
Note-Taking App,"A lightweight app where users can write, save, and edit quick notes."
Recipe Finder,"An app that lets users search for recipes based on ingredients they have at home."
Fitness Tracker,"A minimal app to log daily workouts, set fitness goals, and track progress."
Language Vocabulary Builder,"An app for learning new vocabulary in a foreign language with quizzes and word lists."
Mood Tracker,"An app for users to log their daily moods and visualize trends over time."